stars1026g52vdndkptqq5f46k9fwatyvzxtr4m7rnyd,507602000000
stars10n9npp3y4t9flc92j0swu49qzahkczc4g9nf60,366457000000
stars10wxn2lv29yqnw2uf4jf439kwy5ef00qdyvtgfh,549180000000
stars124alkk4k8vgah0tmm4sgwu2zwp9rjpf9zkqpy0,677724000000
stars13agg47uffkehwqpvqeqp86aamjmkvmt4u6l3ex,440406000000
stars13htkxk8nw6qwhfdugllp8ldtgt5nm80xzy23vv,215701000000
stars13r4kyxcdwd49xekzvlasp23kt67ju85hkzsqnk,593379000000
stars1487c4zgh9lfgm2tpvenl58832wzsm64ws0j5p3,62443000000
stars14ftwwcfvhnp3qvxawesjan5duh8rmrkrfnc58u,520926000000
stars14ysq6pfyxh5jmhddvjhxu6du8nh7r824v63myq,438176000000
stars152uzld6nmj7er5fwuv4xfh7anvp2lvx0pleapg,76806000000
stars15h93mze4d7uzls97pzy58rf9fplxmzya9euewy,565867000000
stars15rvwy3m0jmsc2ecgqmnfahvapppaqw3luyfmad,122720000000
stars162ty3nf7wd5tvqhsu486fexh832fyhamyxc4vs,44941000000
stars163cwepl644wch8usuxxw985qd7we3k54clqyhh,662668000000
stars16g3swraf327anff7eddmfae3yj92rqg0aac2tz,662664000000
stars16u40662xkkalag94vym7gdrj09rf05jn0jdn65,686712000000
stars16x8thpydgpsfxtzjljqyvtm8a6pkk8gg5yp5cv,614917000000
stars179luvthvww4t0cawrcsv3t7a8amr4n7grwllxy,536050000000
stars17d6jxcmqzhhzjgnr5hvd73x25hupp60njkgsnq,410103000000
stars17dn5e2n6w60pzyxeq79apr05r6jzfw7w4nnjc2,738359000000
stars17h2x3j7u44qkrq0sk8ul0r2qr440rwgj8pt804,256537000000
stars17jtf3gr53ztgjjlcl8vkhvvn0rusthdquuhneq,311216000000
stars17kv4xxkpych8efaqku27na87hzy8ha7u4xxlyr,50858000000
stars185dupqc8z7w374r6d5wgqm9cqlr485wzwv55hc,509475000000
stars18cpvvupy2xd8s6xurnzfh7z7c3ystll8ywdk83,36731000000
stars1926sz228mm6yjlwye9hfxxh0hh4nm4aqzl73yx,460646000000
stars19fkg84w4mt38dlk90maz7r33eype57zx3mzpu3,224359000000
stars19gchtvr4qpj5ch9zk5vd4c6jgd4jrp8c90c3te,625804000000
stars19lekr8tjw4ys55gjgq9ymvj38yrt69pzcl2s7z,169395000000
stars19lv4f4rrm5q5s7pt2f50lcq7gr2pd4gjkt6g60,711246000000
stars1ah9en7z47gkhe7tfydfwp78z4u5td5y52n5ll4,160319000000
stars1c3cfjfg3vkpdalff7ykwksk5z7f6f9mx9mywpe,201457000000
stars1ck2p4qj79lqvsxp3wxpagxxrd98mt8xllguv08,542078000000
stars1d25p7fvtkhwu7ufyslmpsqcepppf5lfw8dhhnc,357654000000
stars1deg0yssjuuejkc7lhrduerwddftadxmv4kxcuf,36731000000
stars1dkuvgapkjf6lmdnh9jm4hy6zm85kvrqsjhlrld,535232000000
stars1dln4vsenc5fuv89aszlpxga2s5w7ywnh5c4jqs,471669000000
stars1dtk6748uhvmhvakhleclrwprp27pe89vuf6pwe,465829000000
stars1dwckdgljvd76n9kg7r87jyfql3ull6ye74umxz,36731000000
stars1dxakm43acuckrrvyhxvq52tpahjstaev4ugwrp,247069000000
stars1e4mdqt8fxt3358v20c7whkt0xprnl5ngcssdtw,479387000000
stars1e8twhfvncrlrezvmk452sw2rr60ut3qpcnls8x,685139000000
stars1e9xd5eggd4l9xynap0mjep3s2uwwxwsyxlyymd,688490000000
stars1eg4j2fk7dz0wmj8aktwy6gmjzrayt4h6fckfnm,36731000000
stars1eh397usaczphjk2fjra5590uyx6urp5j8el4rp,617727000000
stars1euhxgw4ld9vydqlrktv5p9xh03akf9sxjzp5qk,36731000000
stars1euk4m0h5j82pdytr6y9gd4umfwredkjzkcaykz,629822000000
stars1f4mjfnx604swljj8pv2923ruf6m38ylkaad8q6,532597000000
stars1f6u85enm6dfq8y7rqyfq2550eztcjh9ul37qzn,105602000000
stars1fse4rke7mvveasnss47ztngwl4hwg7gmvk6d44,36731000000
stars1g5ggp7zqq6mec2fdz84q8pv6ykrf0lgtgxn60c,644514000000
stars1gjtvly9lel6zskvwtvlg5vhwpu9c9waw0c92fy,303352000000
stars1gkj0nrpw87ndxm5j2e240r3r8247r8xtulkrtj,485658000000
stars1gle9dkjsh9p2hd9skhkqyfvaydsw7vkr30fdzm,396815000000
stars1gskxy3s99y967v2knmjmgrkfhvk0nfve8xt74p,596116000000
stars1h87dt0ecnkphxrk5k5tvkedu7r7h9e6k482zau,101011000000
stars1hr4ag3mdzy08rl6r7pga832kvchqctvmfn8dkg,244256000000
stars1hvw778wslvyxh6mmv3sy96mwnaw80elmgw6vp0,520926000000
stars1j74f2ef2p9ue7tz0jlcg6ejnjhp5evv0966mx5,483117000000
stars1j8y7wh6hsz0nr9sx7z9qhx4p2hgy58xenpfgre,194507000000
stars1jg39wazpukeqcytuuad7tsn3end22spgp9pg57,502561000000
stars1jhn0mats4dgy7x9lk4m30yfcx5mkkezukrhzhh,574528000000
stars1jnum75gr8jsn4xn9u48kc9ma5c4mrmvzmjfep2,325823000000
stars1jp9v48a8u4vndt7m2ueal7v6a248n0sh6yp6u4,644514000000
stars1k5pyrxxd3usuneeeh4gssqh7sw0f73kvk9lnh4,450273000000
stars1khx4ym9aye23wlkwm3jtss36vlz6fqlcy8h83k,547290000000
stars1ksa839vuqehcgytzplsz225n7gmwqvp0pd3t2d,641488000000
stars1l44sjkc4q68j6z2vm3nk2h0h7pv7u33ktfdqtu,43064000000
stars1lk6amgdr7u6pf5n3aq302fh9nkh0vduqa50ga9,638745000000
stars1lvv487wej4yjdpzl3vzrakrmh97zdymqtvkrvv,36166000000
stars1lwnaz6exs0vaa6pdxwc9cxexmlvul6vhy9u92s,348673000000
stars1m0r6u2d6dxau026583uvsxgxew357q2qcd0uqr,105602000000
stars1mg0qwctfwnq59qsukrqgdtmzp0ky5exfee470k,752546000000
stars1mlzzmmksppedqz848298w66frf3rx3ekjvwrx2,105602000000
stars1msh7cceezcl556n3nx3grz8quq8scnj7zyffps,370764000000
stars1mu0rzdgxlqxyt3m00m7uzp4ktze0p0vv4r7muh,36731000000
stars1mz2qks48v486d9m8wp4l9fxm2e9l0e0kfg23qv,179764000000
stars1n37daq426rq33jr0g62lraq3hchxjs3gm08he0,60277000000
stars1n3mhyp9fvcmuu8l0q8qvjy07x0rql8q4tp6zp5,694713000000
stars1n8m39wjm2n93wxsmmhte5whljtzd9z3hm3dclz,501858000000
stars1nspplp7um4psdft5z0eks33l07jkn748m0aqdp,199205000000
stars1pvxxlaq2mxef9xn2v3vpx3ynd48u4avd0jl78j,644514000000
stars1qv2tdjma7dcg6jmgawwd0aajjcx89rqck3v5nm,89882000000
stars1qyt99shyjdp6ewyvhyknq6rzqkpkv7hezcg5v2,691472000000
stars1qz3zj0j3546xywfe8qwcve5flne9w98qhmmmwl,160699000000
stars1r4sevyvum9ppqlw75t6h0ex9j4j9dzyd0zryq6,595470000000
stars1rkhzx3q59nzmrjrj3lhpazfxaxvm9uxl372f9h,698818000000
stars1s0lankh33kprer2l22nank5rvsuh9ksa20ued7,393235000000
stars1s33zct2zhhaf60x4a90cpe9yquw99jj0qh8pdx,101117000000
stars1swer6tl0s59g82xnq5gmgsdueld79wpwvj4lyy,458772000000
stars1tk057sckr9yf94a0ndn66ye8d9zgn860t966uu,580023000000
stars1tnffg6s9x35eac2kaw4zvkx7lvyhd7sp9yr8kp,527358000000
stars1tnx3z8ke9za65v32qxhu65mav2282jruvmn3xz,497031000000
stars1u9h55nlwhhttmdt0q5w7l7vjx55dqeq986hhj8,57191000000
stars1ukmcfrhmdszecgvrnz45tczfd6789hqgcy4zn7,36731000000
stars1up3r2ha96wktlek3fvjrsnqaglvh09egd9yulk,453410000000
stars1uxur449jyxrygj74rx9afjkp6wduqtk0xle6g8,547290000000
stars1vd2wr8vm6tqmn9vflue5kf7m9v7ltyye7k6hse,629822000000
stars1vdhy8adplj5jq7zn3prdajqxlzlac67d6dhmgk,395176000000
stars1vpy82purcj983jx8jt29py7v2eamv9yq7wmd63,730076000000
stars1vtuc9wugaqa8tfkw7wda4y3svqkll3f4yvhs8v,532597000000
stars1w7nt0r8xv5lpyn98hcg6szypgjd3e0mtp0mjxu,179065000000
stars1wvh8n82r4alqhxs45m8jtf536sqc5nzzrhky97,395176000000
stars1wz3692qvg6g3kcnnyta40rn2jj5jfhxqfdl55g,688969000000
stars1xh23t8ula39qfzquxj4eatga7pqpxxumm2fem6,187329000000
stars1xh3l38d0vrd49r2hhutu6p5hgmk99vvyryz62g,323660000000
stars1xqum4wt30f3aqw8mmv823ty3x7gpmmdewua8k3,682109000000
stars1xw8delfu8ca58znuyrn9jucdj7utvwn5h84nud,59688000000
stars1xzkpdcphmygtphaxmtjx35wjhgnlsddazgkwuv,690475000000
stars1y0k86wx0jpfqs9qcq6alalfwvyackwfqa85e40,484195000000
stars1y3cxrze7kmktj93atd42g9rffyg823g0tv5dyq,205329000000
stars1yad4khtgn79s7dcdm7lupadlhvhgrwp3v2jwm4,662668000000
stars1ycd5swr2g3uqrv5tqr5dy4sva5vqkde9rkyumj,105602000000
stars1yjq59fx4a4ahns9uje8jqvasyaafzxfakyfkgk,565867000000
stars1yskcx5zfkr3nacn6f5zd08yw72zwm4s03cnl66,307040000000
stars1ytmeusye99zdzumkx2hvlx5p3fj9d5w8thj6ga,433207000000
stars1yvrw5z5ec0n9c253hpy5lkq9cufmk8dvc8m9df,203763000000
stars1zc0xspsrjv24krgmslxza4zqmtva4qjnr0j0j2,506952000000
stars15gp36gk6jvfupy8rc4segppa38lhm3helm5f8k,40000000000000
stars168efxgnh55vcgx83x90pw2fves9anw8kmnlsf5,30000000000000
stars139a4n6w6dhwv60dj2clgwm6r0q84gju28z9at0,30000000000000
